username,first_name,last_name,email,password
williamscindy,Gary,Hansen,christinatrevino@example.org,Nm)0I3&sCM
todd95,Madeline,Velasquez,carlajacobs@example.com,*5ETch(swn
jeremy37,David,Gallegos,stevenallen@example.org,(TAc(AhPd6
ghatfield,Amanda,Allen,jay69@example.net,2be3G6WqS+
andersonsarah,James,Stewart,michaela79@example.org,@jJUM0HlsA
davisadam,Colleen,Watson,rmarshall@example.com,P+P8vI#W$k
jmartin,Roberto,Terrell,matthewbuck@example.net,+T2CouEwTo
colehaynes,Lisa,Johnson,michael81@example.org,@4XNbyZPf6
michaelzimmerman,Jessica,Johnson,dixonvictoria@example.com,d4HeYwBb#k
sanderson,Francis,Bass,steven65@example.net,d*8V%20xYw
